{
    "highlights": [
        [
            {
                "length": 24,
                "rects": [
                    {
                        "height": 26.54694321576312,
                        "width": 264.0925059599035,
                        "x": 984.9926955279182,
                        "y": 1170.1145755543425
                    }
                ],
                "start": 4127,
                "text": "One consequence of model"
            },
            {
                "length": 58,
                "rects": [
                    {
                        "height": 33.178937126608616,
                        "width": 525.1799388212314,
                        "x": 705.9340209960938,
                        "y": 1194.499027027803
                    }
                ],
                "start": 4152,
                "text": "ing appearance with a latent embedding space `\r\n(a) ∈ R\r\nn"
            },
            {
                "length": 62,
                "rects": [
                    {
                        "height": 26.569836784811514,
                        "width": 547.1786283605238,
                        "x": 705.9244995117188,
                        "y": 1228.5364783791933
                    }
                ],
                "start": 4217,
                "text": "is that it enables the modification of lighting and appearance"
            },
            {
                "length": 58,
                "rects": [
                    {
                        "height": 26.569836784811514,
                        "width": 546.54860014074,
                        "x": 706.2265966078813,
                        "y": 1255.9626940558937
                    }
                ],
                "start": 4281,
                "text": "of a rendering without altering the underlying 3D geometry"
            },
            {
                "length": 56,
                "rects": [
                    {
                        "height": 26.569836784811514,
                        "width": 547.9220042509193,
                        "x": 705.8455272001378,
                        "y": 1502.800525440889
                    }
                ],
                "start": 4820,
                "text": "Note that the appearance of the rendered images smoothly"
            },
            {
                "length": 58,
                "rects": [
                    {
                        "height": 26.569836784811514,
                        "width": 546.9895988913144,
                        "x": 705.8655503216911,
                        "y": 1530.2267411175894
                    }
                ],
                "start": 4878,
                "text": "transitions between the two end points without introducing"
            },
            {
                "length": 28,
                "rects": [
                    {
                        "height": 26.569836784811514,
                        "width": 261.2555236816406,
                        "x": 706.4131056841682,
                        "y": 1557.6551971435545
                    }
                ],
                "start": 4938,
                "text": "artifacts to the 3D geometry"
            }
        ]
    ]
}
